step,episode,reward,epsilon,loss,duration
936,1,-19.0,0.9814672,0.0,0.8244452476501465
