step,episode,reward,loss,duration
896,1,-21.0,-0.00661137409042567,3.7952511310577393
